user_name,product_name,user_review
User_1,Stanley Quencher,I was not satisfied with this product. It did not meet my expectations and I would not buy it again.
User_1,Insulated Water Bottle,Waste of money. The product did not work as described and I would not recommend it.
User_1,Apple AirPods,Unhappy. The product did not meet my expectations and I would not buy it again.
User_1,Food Kitchen Scale,Excellent quality and great value for money. I am very happy with my purchase and will definitely buy again.
User_1,Protein Shake,Never again. The product did not meet my expectations and I would not buy it again.
User_1,Medium Roast Coffee,Poor quality. The product did not last long and broke after a few uses.
User_1,Black Raspberry Sparkling Water,Could be better. The product has some flaws and does not work as well as I hoped.
User_1,Crew T-Shirts,Great deal. The product is of high quality and very affordable.
User_1,iPhone 14,Good for the price. The product is affordable and works as described.
User_1,Samsung Galaxy S23,Regret buying this. The product did not meet my expectations and I would not buy it again.
User_1,Poker Cards,Very happy with this purchase. The product is exactly as described and works perfectly.
User_1,LG TV,Unhappy. The product did not meet my expectations and I would not buy it again.
User_1,Low Socks,Could be better. The product has some flaws and does not work as well as I hoped.
User_1,Baby Balance Bike,Very satisfied with this purchase. The product is exactly as described and works perfectly.
User_1,Bluetooth Speaker,This product is amazing! It exceeded all my expectations and I would highly recommend it to anyone looking for quality.
User_2,Stanley Quencher,I was not satisfied with this product. It did not meet my expectations and I would not buy it again.
User_2,Insulated Water Bottle,Exceeded my expectations. The product is of excellent quality and works perfectly.
User_2,Apple AirPods,I was not satisfied with this product. It did not meet my expectations and I would not buy it again.
User_2,Food Kitchen Scale,Satisfied. The product is exactly as described and works perfectly.
User_2,Protein Shake,Unhappy. The product did not meet my expectations and I would not buy it again.
User_2,Medium Roast Coffee,This product is amazing! It exceeded all my expectations and I would highly recommend it to anyone looking for quality.
User_2,Black Raspberry Sparkling Water,Awful. The product did not work as described and I would not recommend it.
User_2,Crew T-Shirts,Amazing value for money. The product is of high quality and very affordable.
User_2,iPhone 14,One star. The product did not work as described and I would not recommend it.
User_2,Samsung Galaxy S23,Disappointed. The product did not meet my expectations and I would not buy it again.
User_2,Poker Cards,Unhappy. The product did not meet my expectations and I would not buy it again.
User_2,LG TV,Amazing value for money. The product is of high quality and very affordable.
User_2,Low Socks,Could be better. The product has some flaws and does not work as well as I hoped.
User_2,Baby Balance Bike,Not worth it. The product is overpriced for what it offers.
User_2,Bluetooth Speaker,Subpar. The product did not work as well as I hoped.
User_3,Stanley Quencher,Great deal. The product is of high quality and very affordable.
User_3,Insulated Water Bottle,Regret buying this. The product did not meet my expectations and I would not buy it again.
User_3,Apple AirPods,Very good. The product is of high quality and works perfectly.
User_3,Food Kitchen Scale,Could be better. The product has some flaws and does not work as well as I hoped.
User_3,Protein Shake,Fantastic! The product is of high quality and works perfectly.
User_3,Medium Roast Coffee,Perfect! The product is exactly what I was looking for and works perfectly.
User_3,Black Raspberry Sparkling Water,Not worth it. The product is overpriced for what it offers.
User_3,Crew T-Shirts,Hate it. The product did not work as described and I would not recommend it.
User_3,iPhone 14,Good for the price. The product is affordable and works as described.
User_3,Samsung Galaxy S23,Superb! The product is of excellent quality and works perfectly.
User_3,Poker Cards,Just okay. The product does what it is supposed to do but nothing more.
User_3,LG TV,Not worth the price. The product is overpriced for what it offers.
User_3,Low Socks,Very good. The product is of high quality and works perfectly.
User_3,Baby Balance Bike,Fantastic! The product is of high quality and works perfectly.
User_3,Bluetooth Speaker,Fantastic! The product is of high quality and works perfectly.
User_4,Stanley Quencher,Top-notch! The product is of high quality and works perfectly.
User_4,Insulated Water Bottle,Bad quality. The product did not last long and broke after a few uses.
User_4,Apple AirPods,I was not satisfied with this product. It did not meet my expectations and I would not buy it again.
User_4,Food Kitchen Scale,Fantastic! The product is of high quality and works perfectly.
User_4,Protein Shake,Excellent quality and great value for money. I am very happy with my purchase and will definitely buy again.
User_4,Medium Roast Coffee,Very good. The product is of high quality and works perfectly.
User_4,Black Raspberry Sparkling Water,Poor quality. The product did not last long and broke after a few uses.
User_4,Crew T-Shirts,Subpar. The product did not work as well as I hoped.
User_4,iPhone 14,Not impressed. The product did not meet my expectations and I would not buy it again.
User_4,Samsung Galaxy S23,Waste of money. The product did not work as described and I would not recommend it.
User_4,Poker Cards,Top-notch! The product is of high quality and works perfectly.
User_4,LG TV,Exceeded my expectations. The product is of excellent quality and works perfectly.
User_4,Low Socks,Perfect! The product is exactly what I was looking for and works perfectly.
User_4,Baby Balance Bike,Fantastic! The product is of high quality and works perfectly.
User_4,Bluetooth Speaker,Top-notch! The product is of high quality and works perfectly.
User_5,Stanley Quencher,Perfect! The product is exactly what I was looking for and works perfectly.
User_5,Insulated Water Bottle,Not impressed. The product did not meet my expectations and I would not buy it again.
User_5,Apple AirPods,Very good. The product is of high quality and works perfectly.
User_5,Food Kitchen Scale,Very good. The product is of high quality and works perfectly.
User_5,Protein Shake,Hate it. The product did not work as described and I would not recommend it.
User_5,Medium Roast Coffee,Waste of money. The product did not work as described and I would not recommend it.
User_5,Black Raspberry Sparkling Water,One star. The product did not work as described and I would not recommend it.
User_5,Crew T-Shirts,Very happy with this purchase. The product is exactly as described and works perfectly.
User_5,iPhone 14,Very happy with this purchase. The product is exactly as described and works perfectly.
User_5,Samsung Galaxy S23,Poor quality. The product did not last long and broke after a few uses.
User_5,Poker Cards,Exceeded my expectations. The product is of excellent quality and works perfectly.
User_5,LG TV,Not impressed. The product did not meet my expectations and I would not buy it again.
User_5,Low Socks,Very good. The product is of high quality and works perfectly.
User_5,Baby Balance Bike,Regret buying this. The product did not meet my expectations and I would not buy it again.
User_5,Bluetooth Speaker,I was not satisfied with this product. It did not meet my expectations and I would not buy it again.
User_6,Stanley Quencher,Disappointed. The product did not meet my expectations and I would not buy it again.
User_6,Insulated Water Bottle,Awful. The product did not work as described and I would not recommend it.
User_6,Apple AirPods,Not worth the price. The product is overpriced for what it offers.
User_6,Food Kitchen Scale,Not worth the price. The product is overpriced for what it offers.
User_6,Protein Shake,Regret buying this. The product did not meet my expectations and I would not buy it again.
User_6,Medium Roast Coffee,It's alright. The product works as described but nothing special.
User_6,Black Raspberry Sparkling Water,Could be better. The product has some flaws and does not work as well as I hoped.
User_6,Crew T-Shirts,Great deal. The product is of high quality and very affordable.
User_6,iPhone 14,Fantastic! The product is of high quality and works perfectly.
User_6,Samsung Galaxy S23,Good for the price. The product is affordable and works as described.
User_6,Poker Cards,Very good. The product is of high quality and works perfectly.
User_6,LG TV,Will buy again. The product is of great quality and works as described.
User_6,Low Socks,One star. The product did not work as described and I would not recommend it.
User_6,Baby Balance Bike,Very happy with this purchase. The product is exactly as described and works perfectly.
User_6,Bluetooth Speaker,One star. The product did not work as described and I would not recommend it.
User_7,Stanley Quencher,Waste of money. The product did not work as described and I would not recommend it.
User_7,Insulated Water Bottle,I was not satisfied with this product. It did not meet my expectations and I would not buy it again.
User_7,Apple AirPods,Terrible experience. The product broke after a week of use. I would not recommend this to anyone.
User_7,Food Kitchen Scale,Not worth it. The product is overpriced for what it offers.
User_7,Protein Shake,Five stars! The product is of excellent quality and works perfectly.
User_7,Medium Roast Coffee,Very good. The product is of high quality and works perfectly.
User_7,Black Raspberry Sparkling Water,Amazing value for money. The product is of high quality and very affordable.
User_7,Crew T-Shirts,Perfect! The product is exactly what I was looking for and works perfectly.
User_7,iPhone 14,The product is just okay. It works as described but nothing special. I might look for alternatives next time.
User_7,Samsung Galaxy S23,Unhappy. The product did not meet my expectations and I would not buy it again.
User_7,Poker Cards,Not impressed. The product did not meet my expectations and I would not buy it again.
User_7,LG TV,Top-notch! The product is of high quality and works perfectly.
User_7,Low Socks,Awful. The product did not work as described and I would not recommend it.
User_7,Baby Balance Bike,This product is amazing! It exceeded all my expectations and I would highly recommend it to anyone looking for quality.
User_7,Bluetooth Speaker,Very happy with this purchase. The product is exactly as described and works perfectly.
User_8,Stanley Quencher,Very happy with this purchase. The product is exactly as described and works perfectly.
User_8,Insulated Water Bottle,Poor quality. The product did not last long and broke after a few uses.
User_8,Apple AirPods,Highly recommend! The product is of great quality and works as described.
User_8,Food Kitchen Scale,I was not satisfied with this product. It did not meet my expectations and I would not buy it again.
User_8,Protein Shake,Superb! The product is of excellent quality and works perfectly.
User_8,Medium Roast Coffee,Very good. The product is of high quality and works perfectly.
User_8,Black Raspberry Sparkling Water,Fantastic! The product is of high quality and works perfectly.
User_8,Crew T-Shirts,Not impressed. The product did not meet my expectations and I would not buy it again.
User_8,iPhone 14,Fantastic! The product is of high quality and works perfectly.
User_8,Samsung Galaxy S23,The product is just okay. It works as described but nothing special. I might look for alternatives next time.
User_8,Poker Cards,Subpar. The product did not work as well as I hoped.
User_8,LG TV,Subpar. The product did not work as well as I hoped.
User_8,Low Socks,One star. The product did not work as described and I would not recommend it.
User_8,Baby Balance Bike,Highly recommend! The product is of great quality and works as described.
User_8,Bluetooth Speaker,Could be better. The product has some flaws and does not work as well as I hoped.
User_9,Stanley Quencher,Waste of money. The product did not work as described and I would not recommend it.
User_9,Insulated Water Bottle,Could be better. The product has some flaws and does not work as well as I hoped.
User_9,Apple AirPods,Good for the price. The product is affordable and works as described.
User_9,Food Kitchen Scale,Regret buying this. The product did not meet my expectations and I would not buy it again.
User_9,Protein Shake,Disappointed. The product did not meet my expectations and I would not buy it again.
User_9,Medium Roast Coffee,Exceeded my expectations. The product is of excellent quality and works perfectly.
User_9,Black Raspberry Sparkling Water,Hate it. The product did not work as described and I would not recommend it.
User_9,Crew T-Shirts,I was not satisfied with this product. It did not meet my expectations and I would not buy it again.
User_9,iPhone 14,Never again. The product did not meet my expectations and I would not buy it again.
User_9,Samsung Galaxy S23,Disappointed. The product did not meet my expectations and I would not buy it again.
User_9,Poker Cards,Hate it. The product did not work as described and I would not recommend it.
User_9,LG TV,Terrible experience. The product broke after a week of use. I would not recommend this to anyone.
User_9,Low Socks,Great deal. The product is of high quality and very affordable.
User_9,Baby Balance Bike,The product is just okay. It works as described but nothing special. I might look for alternatives next time.
User_9,Bluetooth Speaker,Pretty decent. The product works as described but nothing special.
User_10,Stanley Quencher,Great deal. The product is of high quality and very affordable.
User_10,Insulated Water Bottle,Not worth it. The product is overpriced for what it offers.
User_10,Apple AirPods,It's alright. The product works as described but nothing special.
User_10,Food Kitchen Scale,It's alright. The product works as described but nothing special.
User_10,Protein Shake,Superb! The product is of excellent quality and works perfectly.
User_10,Medium Roast Coffee,Awful. The product did not work as described and I would not recommend it.
User_10,Black Raspberry Sparkling Water,Amazing value for money. The product is of high quality and very affordable.
User_10,Crew T-Shirts,Subpar. The product did not work as well as I hoped.
User_10,iPhone 14,Will buy again. The product is of great quality and works as described.
User_10,Samsung Galaxy S23,This product is amazing! It exceeded all my expectations and I would highly recommend it to anyone looking for quality.
User_10,Poker Cards,Disappointed. The product did not meet my expectations and I would not buy it again.
User_10,LG TV,Not great. The product has some flaws and does not work as well as I hoped.
User_10,Low Socks,Not great. The product has some flaws and does not work as well as I hoped.
User_10,Baby Balance Bike,Five stars! The product is of excellent quality and works perfectly.
User_10,Bluetooth Speaker,Terrible experience. The product broke after a week of use. I would not recommend this to anyone.
User_11,Stanley Quencher,Just okay. The product does what it is supposed to do but nothing more.
User_11,Insulated Water Bottle,Very satisfied with this purchase. The product is exactly as described and works perfectly.
User_11,Apple AirPods,The product is just okay. It works as described but nothing special. I might look for alternatives next time.
User_11,Food Kitchen Scale,Could be better. The product has some flaws and does not work as well as I hoped.
User_11,Protein Shake,Very good. The product is of high quality and works perfectly.
User_11,Medium Roast Coffee,Pretty decent. The product works as described but nothing special.
User_11,Black Raspberry Sparkling Water,Will buy again. The product is of great quality and works as described.
User_11,Crew T-Shirts,Bad quality. The product did not last long and broke after a few uses.
User_11,iPhone 14,Bad quality. The product did not last long and broke after a few uses.
User_11,Samsung Galaxy S23,Five stars! The product is of excellent quality and works perfectly.
User_11,Poker Cards,Amazing value for money. The product is of high quality and very affordable.
User_11,LG TV,Unhappy. The product did not meet my expectations and I would not buy it again.
User_11,Low Socks,Top-notch! The product is of high quality and works perfectly.
User_11,Baby Balance Bike,Great deal. The product is of high quality and very affordable.
User_11,Bluetooth Speaker,Excellent quality and great value for money. I am very happy with my purchase and will definitely buy again.
User_12,Stanley Quencher,Not worth it. The product is overpriced for what it offers.
User_12,Insulated Water Bottle,Very good. The product is of high quality and works perfectly.
User_12,Apple AirPods,One star. The product did not work as described and I would not recommend it.
User_12,Food Kitchen Scale,Love it! The product is exactly what I was looking for and works perfectly.
User_12,Protein Shake,Five stars! The product is of excellent quality and works perfectly.
User_12,Medium Roast Coffee,Terrible experience. The product broke after a week of use. I would not recommend this to anyone.
User_12,Black Raspberry Sparkling Water,Exceeded my expectations. The product is of excellent quality and works perfectly.
User_12,Crew T-Shirts,Very happy with this purchase. The product is exactly as described and works perfectly.
User_12,iPhone 14,Terrible experience. The product broke after a week of use. I would not recommend this to anyone.
User_12,Samsung Galaxy S23,Not worth it. The product is overpriced for what it offers.
User_12,Poker Cards,Good for the price. The product is affordable and works as described.
User_12,LG TV,Exceeded my expectations. The product is of excellent quality and works perfectly.
User_12,Low Socks,Not worth it. The product is overpriced for what it offers.
User_12,Baby Balance Bike,Subpar. The product did not work as well as I hoped.
User_12,Bluetooth Speaker,This product is amazing! It exceeded all my expectations and I would highly recommend it to anyone looking for quality.
User_13,Stanley Quencher,Highly recommend! The product is of great quality and works as described.
User_13,Insulated Water Bottle,Very happy with this purchase. The product is exactly as described and works perfectly.
User_13,Apple AirPods,Not great. The product has some flaws and does not work as well as I hoped.
User_13,Food Kitchen Scale,Subpar. The product did not work as well as I hoped.
User_13,Protein Shake,Hate it. The product did not work as described and I would not recommend it.
User_13,Medium Roast Coffee,Good for the price. The product is affordable and works as described.
User_13,Black Raspberry Sparkling Water,Not impressed. The product did not meet my expectations and I would not buy it again.
User_13,Crew T-Shirts,Fantastic! The product is of high quality and works perfectly.
User_13,iPhone 14,Very satisfied with this purchase. The product is exactly as described and works perfectly.
User_13,Samsung Galaxy S23,Never again. The product did not meet my expectations and I would not buy it again.
User_13,Poker Cards,Not great. The product has some flaws and does not work as well as I hoped.
User_13,LG TV,Good for the price. The product is affordable and works as described.
User_13,Low Socks,Disappointed. The product did not meet my expectations and I would not buy it again.
User_13,Baby Balance Bike,Perfect! The product is exactly what I was looking for and works perfectly.
User_13,Bluetooth Speaker,Not worth the price. The product is overpriced for what it offers.
User_14,Stanley Quencher,Perfect! The product is exactly what I was looking for and works perfectly.
User_14,Insulated Water Bottle,It's alright. The product works as described but nothing special.
User_14,Apple AirPods,Fantastic! The product is of high quality and works perfectly.
User_14,Food Kitchen Scale,Excellent quality and great value for money. I am very happy with my purchase and will definitely buy again.
User_14,Protein Shake,Unhappy. The product did not meet my expectations and I would not buy it again.
User_14,Medium Roast Coffee,The product is just okay. It works as described but nothing special. I might look for alternatives next time.
User_14,Black Raspberry Sparkling Water,Just okay. The product does what it is supposed to do but nothing more.
User_14,Crew T-Shirts,Excellent quality and great value for money. I am very happy with my purchase and will definitely buy again.
User_14,iPhone 14,Five stars! The product is of excellent quality and works perfectly.
User_14,Samsung Galaxy S23,Regret buying this. The product did not meet my expectations and I would not buy it again.
User_14,Poker Cards,Exceeded my expectations. The product is of excellent quality and works perfectly.
User_14,LG TV,Just okay. The product does what it is supposed to do but nothing more.
User_14,Low Socks,Exceeded my expectations. The product is of excellent quality and works perfectly.
User_14,Baby Balance Bike,Poor quality. The product did not last long and broke after a few uses.
User_14,Bluetooth Speaker,Top-notch! The product is of high quality and works perfectly.
User_15,Stanley Quencher,Highly recommend! The product is of great quality and works as described.
User_15,Insulated Water Bottle,Excellent quality and great value for money. I am very happy with my purchase and will definitely buy again.
User_15,Apple AirPods,Great deal. The product is of high quality and very affordable.
User_15,Food Kitchen Scale,Very good. The product is of high quality and works perfectly.
User_15,Protein Shake,Just okay. The product does what it is supposed to do but nothing more.
User_15,Medium Roast Coffee,Very happy with this purchase. The product is exactly as described and works perfectly.
User_15,Black Raspberry Sparkling Water,Subpar. The product did not work as well as I hoped.
User_15,Crew T-Shirts,Highly recommend! The product is of great quality and works as described.
User_15,iPhone 14,One star. The product did not work as described and I would not recommend it.
User_15,Samsung Galaxy S23,Love it! The product is exactly what I was looking for and works perfectly.
User_15,Poker Cards,Could be better. The product has some flaws and does not work as well as I hoped.
User_15,LG TV,It's alright. The product works as described but nothing special.
User_15,Low Socks,Not worth the price. The product is overpriced for what it offers.
User_15,Baby Balance Bike,Top-notch! The product is of high quality and works perfectly.
User_15,Bluetooth Speaker,The product is just okay. It works as described but nothing special. I might look for alternatives next time.
User_16,Stanley Quencher,Top-notch! The product is of high quality and works perfectly.
User_16,Insulated Water Bottle,Awful. The product did not work as described and I would not recommend it.
User_16,Apple AirPods,Will buy again. The product is of great quality and works as described.
User_16,Food Kitchen Scale,The product is just okay. It works as described but nothing special. I might look for alternatives next time.
User_16,Protein Shake,Great deal. The product is of high quality and very affordable.
User_16,Medium Roast Coffee,Perfect! The product is exactly what I was looking for and works perfectly.
User_16,Black Raspberry Sparkling Water,Will buy again. The product is of great quality and works as described.
User_16,Crew T-Shirts,Not worth it. The product is overpriced for what it offers.
User_16,iPhone 14,Amazing value for money. The product is of high quality and very affordable.
User_16,Samsung Galaxy S23,It's alright. The product works as described but nothing special.
User_16,Poker Cards,Subpar. The product did not work as well as I hoped.
User_16,LG TV,Not great. The product has some flaws and does not work as well as I hoped.
User_16,Low Socks,One star. The product did not work as described and I would not recommend it.
User_16,Baby Balance Bike,Terrible experience. The product broke after a week of use. I would not recommend this to anyone.
User_16,Bluetooth Speaker,Never again. The product did not meet my expectations and I would not buy it again.
User_17,Stanley Quencher,I was not satisfied with this product. It did not meet my expectations and I would not buy it again.
User_17,Insulated Water Bottle,Very satisfied with this purchase. The product is exactly as described and works perfectly.
User_17,Apple AirPods,Terrible experience. The product broke after a week of use. I would not recommend this to anyone.
User_17,Food Kitchen Scale,One star. The product did not work as described and I would not recommend it.
User_17,Protein Shake,Perfect! The product is exactly what I was looking for and works perfectly.
User_17,Medium Roast Coffee,Disappointed. The product did not meet my expectations and I would not buy it again.
User_17,Black Raspberry Sparkling Water,Not worth the price. The product is overpriced for what it offers.
User_17,Crew T-Shirts,Highly recommend! The product is of great quality and works as described.
User_17,iPhone 14,Very good. The product is of high quality and works perfectly.
User_17,Samsung Galaxy S23,Bad quality. The product did not last long and broke after a few uses.
User_17,Poker Cards,Love it! The product is exactly what I was looking for and works perfectly.
User_17,LG TV,Regret buying this. The product did not meet my expectations and I would not buy it again.
User_17,Low Socks,It's alright. The product works as described but nothing special.
User_17,Baby Balance Bike,Superb! The product is of excellent quality and works perfectly.
User_17,Bluetooth Speaker,Not worth it. The product is overpriced for what it offers.
User_18,Stanley Quencher,Very good. The product is of high quality and works perfectly.
User_18,Insulated Water Bottle,This product is amazing! It exceeded all my expectations and I would highly recommend it to anyone looking for quality.
User_18,Apple AirPods,Exceeded my expectations. The product is of excellent quality and works perfectly.
User_18,Food Kitchen Scale,Perfect! The product is exactly what I was looking for and works perfectly.
User_18,Protein Shake,Terrible experience. The product broke after a week of use. I would not recommend this to anyone.
User_18,Medium Roast Coffee,Regret buying this. The product did not meet my expectations and I would not buy it again.
User_18,Black Raspberry Sparkling Water,Exceeded my expectations. The product is of excellent quality and works perfectly.
User_18,Crew T-Shirts,Bad quality. The product did not last long and broke after a few uses.
User_18,iPhone 14,Highly recommend! The product is of great quality and works as described.
User_18,Samsung Galaxy S23,Disappointed. The product did not meet my expectations and I would not buy it again.
User_18,Poker Cards,Could be better. The product has some flaws and does not work as well as I hoped.
User_18,LG TV,Will buy again. The product is of great quality and works as described.
User_18,Low Socks,Satisfied. The product is exactly as described and works perfectly.
User_18,Baby Balance Bike,Pretty decent. The product works as described but nothing special.
User_18,Bluetooth Speaker,Not worth the price. The product is overpriced for what it offers.
User_19,Stanley Quencher,Disappointed. The product did not meet my expectations and I would not buy it again.
User_19,Insulated Water Bottle,Awful. The product did not work as described and I would not recommend it.
User_19,Apple AirPods,Great deal. The product is of high quality and very affordable.
User_19,Food Kitchen Scale,Great deal. The product is of high quality and very affordable.
User_19,Protein Shake,Exceeded my expectations. The product is of excellent quality and works perfectly.
User_19,Medium Roast Coffee,Just okay. The product does what it is supposed to do but nothing more.
User_19,Black Raspberry Sparkling Water,Great deal. The product is of high quality and very affordable.
User_19,Crew T-Shirts,Just okay. The product does what it is supposed to do but nothing more.
User_19,iPhone 14,Not impressed. The product did not meet my expectations and I would not buy it again.
User_19,Samsung Galaxy S23,Regret buying this. The product did not meet my expectations and I would not buy it again.
User_19,Poker Cards,Amazing value for money. The product is of high quality and very affordable.
User_19,LG TV,Hate it. The product did not work as described and I would not recommend it.
User_19,Low Socks,Five stars! The product is of excellent quality and works perfectly.
User_19,Baby Balance Bike,Highly recommend! The product is of great quality and works as described.
User_19,Bluetooth Speaker,Hate it. The product did not work as described and I would not recommend it.
User_20,Stanley Quencher,Perfect! The product is exactly what I was looking for and works perfectly.
User_20,Insulated Water Bottle,One star. The product did not work as described and I would not recommend it.
User_20,Apple AirPods,Very happy with this purchase. The product is exactly as described and works perfectly.
User_20,Food Kitchen Scale,Just okay. The product does what it is supposed to do but nothing more.
User_20,Protein Shake,Five stars! The product is of excellent quality and works perfectly.
User_20,Medium Roast Coffee,Pretty decent. The product works as described but nothing special.
User_20,Black Raspberry Sparkling Water,Very good. The product is of high quality and works perfectly.
User_20,Crew T-Shirts,Fantastic! The product is of high quality and works perfectly.
User_20,iPhone 14,Pretty decent. The product works as described but nothing special.
User_20,Samsung Galaxy S23,The product is just okay. It works as described but nothing special. I might look for alternatives next time.
User_20,Poker Cards,Excellent quality and great value for money. I am very happy with my purchase and will definitely buy again.
User_20,LG TV,Great deal. The product is of high quality and very affordable.
User_20,Low Socks,Just okay. The product does what it is supposed to do but nothing more.
User_20,Baby Balance Bike,Love it! The product is exactly what I was looking for and works perfectly.
User_20,Bluetooth Speaker,Very satisfied with this purchase. The product is exactly as described and works perfectly.
User_21,Stanley Quencher,Terrible experience. The product broke after a week of use. I would not recommend this to anyone.
User_21,Insulated Water Bottle,Could be better. The product has some flaws and does not work as well as I hoped.
User_21,Apple AirPods,Subpar. The product did not work as well as I hoped.
User_21,Food Kitchen Scale,Bad quality. The product did not last long and broke after a few uses.
User_21,Protein Shake,Not great. The product has some flaws and does not work as well as I hoped.
User_21,Medium Roast Coffee,Very happy with this purchase. The product is exactly as described and works perfectly.
User_21,Black Raspberry Sparkling Water,One star. The product did not work as described and I would not recommend it.
User_21,Crew T-Shirts,Regret buying this. The product did not meet my expectations and I would not buy it again.
User_21,iPhone 14,Disappointed. The product did not meet my expectations and I would not buy it again.
User_21,Samsung Galaxy S23,Unhappy. The product did not meet my expectations and I would not buy it again.
User_21,Poker Cards,I was not satisfied with this product. It did not meet my expectations and I would not buy it again.
User_21,LG TV,Good for the price. The product is affordable and works as described.
User_21,Low Socks,Will buy again. The product is of great quality and works as described.
User_21,Baby Balance Bike,Bad quality. The product did not last long and broke after a few uses.
User_21,Bluetooth Speaker,Not impressed. The product did not meet my expectations and I would not buy it again.
User_22,Stanley Quencher,Good for the price. The product is affordable and works as described.
User_22,Insulated Water Bottle,Pretty decent. The product works as described but nothing special.
User_22,Apple AirPods,Very happy with this purchase. The product is exactly as described and works perfectly.
User_22,Food Kitchen Scale,The product is just okay. It works as described but nothing special. I might look for alternatives next time.
User_22,Protein Shake,Perfect! The product is exactly what I was looking for and works perfectly.
User_22,Medium Roast Coffee,Subpar. The product did not work as well as I hoped.
User_22,Black Raspberry Sparkling Water,Could be better. The product has some flaws and does not work as well as I hoped.
User_22,Crew T-Shirts,Could be better. The product has some flaws and does not work as well as I hoped.
User_22,iPhone 14,Will buy again. The product is of great quality and works as described.
User_22,Samsung Galaxy S23,It's alright. The product works as described but nothing special.
User_22,Poker Cards,Could be better. The product has some flaws and does not work as well as I hoped.
User_22,LG TV,Not worth it. The product is overpriced for what it offers.
User_22,Low Socks,I was not satisfied with this product. It did not meet my expectations and I would not buy it again.
User_22,Baby Balance Bike,Satisfied. The product is exactly as described and works perfectly.
User_22,Bluetooth Speaker,Not worth it. The product is overpriced for what it offers.
User_23,Stanley Quencher,The product is just okay. It works as described but nothing special. I might look for alternatives next time.
User_23,Insulated Water Bottle,Great deal. The product is of high quality and very affordable.
User_23,Apple AirPods,Terrible experience. The product broke after a week of use. I would not recommend this to anyone.
User_23,Food Kitchen Scale,Not worth it. The product is overpriced for what it offers.
User_23,Protein Shake,Excellent quality and great value for money. I am very happy with my purchase and will definitely buy again.
User_23,Medium Roast Coffee,Not worth the price. The product is overpriced for what it offers.
User_23,Black Raspberry Sparkling Water,Very good. The product is of high quality and works perfectly.
User_23,Crew T-Shirts,Amazing value for money. The product is of high quality and very affordable.
User_23,iPhone 14,Love it! The product is exactly what I was looking for and works perfectly.
User_23,Samsung Galaxy S23,Poor quality. The product did not last long and broke after a few uses.
User_23,Poker Cards,Not impressed. The product did not meet my expectations and I would not buy it again.
User_23,LG TV,Bad quality. The product did not last long and broke after a few uses.
User_23,Low Socks,The product is just okay. It works as described but nothing special. I might look for alternatives next time.
User_23,Baby Balance Bike,The product is just okay. It works as described but nothing special. I might look for alternatives next time.
User_23,Bluetooth Speaker,Satisfied. The product is exactly as described and works perfectly.
User_24,Stanley Quencher,It's alright. The product works as described but nothing special.
User_24,Insulated Water Bottle,Five stars! The product is of excellent quality and works perfectly.
User_24,Apple AirPods,Hate it. The product did not work as described and I would not recommend it.
User_24,Food Kitchen Scale,One star. The product did not work as described and I would not recommend it.
User_24,Protein Shake,Exceeded my expectations. The product is of excellent quality and works perfectly.
User_24,Medium Roast Coffee,Subpar. The product did not work as well as I hoped.
User_24,Black Raspberry Sparkling Water,Will buy again. The product is of great quality and works as described.
User_24,Crew T-Shirts,The product is just okay. It works as described but nothing special. I might look for alternatives next time.
User_24,iPhone 14,Terrible experience. The product broke after a week of use. I would not recommend this to anyone.
User_24,Samsung Galaxy S23,Subpar. The product did not work as well as I hoped.
User_24,Poker Cards,Satisfied. The product is exactly as described and works perfectly.
User_24,LG TV,Very happy with this purchase. The product is exactly as described and works perfectly.
User_24,Low Socks,Will buy again. The product is of great quality and works as described.
User_24,Baby Balance Bike,This product is amazing! It exceeded all my expectations and I would highly recommend it to anyone looking for quality.
User_24,Bluetooth Speaker,One star. The product did not work as described and I would not recommend it.
User_25,Stanley Quencher,Bad quality. The product did not last long and broke after a few uses.
User_25,Insulated Water Bottle,Superb! The product is of excellent quality and works perfectly.
User_25,Apple AirPods,Love it! The product is exactly what I was looking for and works perfectly.
User_25,Food Kitchen Scale,It's alright. The product works as described but nothing special.
User_25,Protein Shake,Amazing value for money. The product is of high quality and very affordable.
User_25,Medium Roast Coffee,Not worth the price. The product is overpriced for what it offers.
User_25,Black Raspberry Sparkling Water,Highly recommend! The product is of great quality and works as described.
User_25,Crew T-Shirts,Great deal. The product is of high quality and very affordable.
User_25,iPhone 14,Exceeded my expectations. The product is of excellent quality and works perfectly.
User_25,Samsung Galaxy S23,Exceeded my expectations. The product is of excellent quality and works perfectly.
User_25,Poker Cards,Superb! The product is of excellent quality and works perfectly.
User_25,LG TV,Superb! The product is of excellent quality and works perfectly.
User_25,Low Socks,I was not satisfied with this product. It did not meet my expectations and I would not buy it again.
User_25,Baby Balance Bike,Good for the price. The product is affordable and works as described.
User_25,Bluetooth Speaker,Amazing value for money. The product is of high quality and very affordable.
User_26,Stanley Quencher,Good for the price. The product is affordable and works as described.
User_26,Insulated Water Bottle,Five stars! The product is of excellent quality and works perfectly.
User_26,Apple AirPods,Will buy again. The product is of great quality and works as described.
User_26,Food Kitchen Scale,Not great. The product has some flaws and does not work as well as I hoped.
User_26,Protein Shake,Five stars! The product is of excellent quality and works perfectly.
User_26,Medium Roast Coffee,Subpar. The product did not work as well as I hoped.
User_26,Black Raspberry Sparkling Water,Will buy again. The product is of great quality and works as described.
User_26,Crew T-Shirts,Could be better. The product has some flaws and does not work as well as I hoped.
User_26,iPhone 14,Hate it. The product did not work as described and I would not recommend it.
User_26,Samsung Galaxy S23,Just okay. The product does what it is supposed to do but nothing more.
User_26,Poker Cards,Amazing value for money. The product is of high quality and very affordable.
User_26,LG TV,Regret buying this. The product did not meet my expectations and I would not buy it again.
User_26,Low Socks,Pretty decent. The product works as described but nothing special.
User_26,Baby Balance Bike,Hate it. The product did not work as described and I would not recommend it.
User_26,Bluetooth Speaker,Highly recommend! The product is of great quality and works as described.
User_27,Stanley Quencher,Just okay. The product does what it is supposed to do but nothing more.
User_27,Insulated Water Bottle,Amazing value for money. The product is of high quality and very affordable.
User_27,Apple AirPods,Very happy with this purchase. The product is exactly as described and works perfectly.
User_27,Food Kitchen Scale,Subpar. The product did not work as well as I hoped.
User_27,Protein Shake,One star. The product did not work as described and I would not recommend it.
User_27,Medium Roast Coffee,It's alright. The product works as described but nothing special.
User_27,Black Raspberry Sparkling Water,One star. The product did not work as described and I would not recommend it.
User_27,Crew T-Shirts,Not worth the price. The product is overpriced for what it offers.
User_27,iPhone 14,Satisfied. The product is exactly as described and works perfectly.
User_27,Samsung Galaxy S23,Very satisfied with this purchase. The product is exactly as described and works perfectly.
User_27,Poker Cards,Regret buying this. The product did not meet my expectations and I would not buy it again.
User_27,LG TV,Never again. The product did not meet my expectations and I would not buy it again.
User_27,Low Socks,Poor quality. The product did not last long and broke after a few uses.
User_27,Baby Balance Bike,Not impressed. The product did not meet my expectations and I would not buy it again.
User_27,Bluetooth Speaker,Hate it. The product did not work as described and I would not recommend it.
User_28,Stanley Quencher,Very happy with this purchase. The product is exactly as described and works perfectly.
User_28,Insulated Water Bottle,I was not satisfied with this product. It did not meet my expectations and I would not buy it again.
User_28,Apple AirPods,Superb! The product is of excellent quality and works perfectly.
User_28,Food Kitchen Scale,Could be better. The product has some flaws and does not work as well as I hoped.
User_28,Protein Shake,Unhappy. The product did not meet my expectations and I would not buy it again.
User_28,Medium Roast Coffee,It's alright. The product works as described but nothing special.
User_28,Black Raspberry Sparkling Water,Top-notch! The product is of high quality and works perfectly.
User_28,Crew T-Shirts,Regret buying this. The product did not meet my expectations and I would not buy it again.
User_28,iPhone 14,Not impressed. The product did not meet my expectations and I would not buy it again.
User_28,Samsung Galaxy S23,The product is just okay. It works as described but nothing special. I might look for alternatives next time.
User_28,Poker Cards,Not great. The product has some flaws and does not work as well as I hoped.
User_28,LG TV,Exceeded my expectations. The product is of excellent quality and works perfectly.
User_28,Low Socks,This product is amazing! It exceeded all my expectations and I would highly recommend it to anyone looking for quality.
User_28,Baby Balance Bike,Will buy again. The product is of great quality and works as described.
User_28,Bluetooth Speaker,Fantastic! The product is of high quality and works perfectly.
User_29,Stanley Quencher,One star. The product did not work as described and I would not recommend it.
User_29,Insulated Water Bottle,Poor quality. The product did not last long and broke after a few uses.
User_29,Apple AirPods,Amazing value for money. The product is of high quality and very affordable.
User_29,Food Kitchen Scale,Terrible experience. The product broke after a week of use. I would not recommend this to anyone.
User_29,Protein Shake,The product is just okay. It works as described but nothing special. I might look for alternatives next time.
User_29,Medium Roast Coffee,Hate it. The product did not work as described and I would not recommend it.
User_29,Black Raspberry Sparkling Water,Regret buying this. The product did not meet my expectations and I would not buy it again.
User_29,Crew T-Shirts,Never again. The product did not meet my expectations and I would not buy it again.
User_29,iPhone 14,Satisfied. The product is exactly as described and works perfectly.
User_29,Samsung Galaxy S23,It's alright. The product works as described but nothing special.
User_29,Poker Cards,Disappointed. The product did not meet my expectations and I would not buy it again.
User_29,LG TV,Not impressed. The product did not meet my expectations and I would not buy it again.
User_29,Low Socks,Disappointed. The product did not meet my expectations and I would not buy it again.
User_29,Baby Balance Bike,Amazing value for money. The product is of high quality and very affordable.
User_29,Bluetooth Speaker,Fantastic! The product is of high quality and works perfectly.
User_30,Stanley Quencher,Good for the price. The product is affordable and works as described.
User_30,Insulated Water Bottle,Satisfied. The product is exactly as described and works perfectly.
User_30,Apple AirPods,Never again. The product did not meet my expectations and I would not buy it again.
User_30,Food Kitchen Scale,Never again. The product did not meet my expectations and I would not buy it again.
User_30,Protein Shake,I was not satisfied with this product. It did not meet my expectations and I would not buy it again.
User_30,Medium Roast Coffee,Just okay. The product does what it is supposed to do but nothing more.
User_30,Black Raspberry Sparkling Water,It's alright. The product works as described but nothing special.
User_30,Crew T-Shirts,Excellent quality and great value for money. I am very happy with my purchase and will definitely buy again.
User_30,iPhone 14,Pretty decent. The product works as described but nothing special.
User_30,Samsung Galaxy S23,Superb! The product is of excellent quality and works perfectly.
User_30,Poker Cards,It's alright. The product works as described but nothing special.
User_30,LG TV,Could be better. The product has some flaws and does not work as well as I hoped.
User_30,Low Socks,Could be better. The product has some flaws and does not work as well as I hoped.
User_30,Baby Balance Bike,Highly recommend! The product is of great quality and works as described.
User_30,Bluetooth Speaker,Perfect! The product is exactly what I was looking for and works perfectly.
User_31,Stanley Quencher,Very happy with this purchase. The product is exactly as described and works perfectly.
User_31,Insulated Water Bottle,Will buy again. The product is of great quality and works as described.
User_31,Apple AirPods,Fantastic! The product is of high quality and works perfectly.
User_31,Food Kitchen Scale,One star. The product did not work as described and I would not recommend it.
User_31,Protein Shake,One star. The product did not work as described and I would not recommend it.
User_31,Medium Roast Coffee,Could be better. The product has some flaws and does not work as well as I hoped.
User_31,Black Raspberry Sparkling Water,Not great. The product has some flaws and does not work as well as I hoped.
User_31,Crew T-Shirts,Bad quality. The product did not last long and broke after a few uses.
User_31,iPhone 14,Great deal. The product is of high quality and very affordable.
User_31,Samsung Galaxy S23,Very happy with this purchase. The product is exactly as described and works perfectly.
User_31,Poker Cards,One star. The product did not work as described and I would not recommend it.
User_31,LG TV,Pretty decent. The product works as described but nothing special.
User_31,Low Socks,Very happy with this purchase. The product is exactly as described and works perfectly.
User_31,Baby Balance Bike,Not worth the price. The product is overpriced for what it offers.
User_31,Bluetooth Speaker,Exceeded my expectations. The product is of excellent quality and works perfectly.
User_32,Stanley Quencher,Disappointed. The product did not meet my expectations and I would not buy it again.
User_32,Insulated Water Bottle,Satisfied. The product is exactly as described and works perfectly.
User_32,Apple AirPods,Hate it. The product did not work as described and I would not recommend it.
User_32,Food Kitchen Scale,I was not satisfied with this product. It did not meet my expectations and I would not buy it again.
User_32,Protein Shake,Satisfied. The product is exactly as described and works perfectly.
User_32,Medium Roast Coffee,Disappointed. The product did not meet my expectations and I would not buy it again.
User_32,Black Raspberry Sparkling Water,Subpar. The product did not work as well as I hoped.
User_32,Crew T-Shirts,Could be better. The product has some flaws and does not work as well as I hoped.
User_32,iPhone 14,Very happy with this purchase. The product is exactly as described and works perfectly.
User_32,Samsung Galaxy S23,Perfect! The product is exactly what I was looking for and works perfectly.
User_32,Poker Cards,This product is amazing! It exceeded all my expectations and I would highly recommend it to anyone looking for quality.
User_32,LG TV,Highly recommend! The product is of great quality and works as described.
User_32,Low Socks,Top-notch! The product is of high quality and works perfectly.
User_32,Baby Balance Bike,Love it! The product is exactly what I was looking for and works perfectly.
User_32,Bluetooth Speaker,Awful. The product did not work as described and I would not recommend it.
User_33,Stanley Quencher,Terrible experience. The product broke after a week of use. I would not recommend this to anyone.
User_33,Insulated Water Bottle,Will buy again. The product is of great quality and works as described.
User_33,Apple AirPods,Unhappy. The product did not meet my expectations and I would not buy it again.
User_33,Food Kitchen Scale,Subpar. The product did not work as well as I hoped.
User_33,Protein Shake,Could be better. The product has some flaws and does not work as well as I hoped.
User_33,Medium Roast Coffee,Unhappy. The product did not meet my expectations and I would not buy it again.
User_33,Black Raspberry Sparkling Water,Excellent quality and great value for money. I am very happy with my purchase and will definitely buy again.
User_33,Crew T-Shirts,Love it! The product is exactly what I was looking for and works perfectly.
User_33,iPhone 14,Love it! The product is exactly what I was looking for and works perfectly.
User_33,Samsung Galaxy S23,Highly recommend! The product is of great quality and works as described.
User_33,Poker Cards,Bad quality. The product did not last long and broke after a few uses.
User_33,LG TV,Very satisfied with this purchase. The product is exactly as described and works perfectly.
User_33,Low Socks,Satisfied. The product is exactly as described and works perfectly.
User_33,Baby Balance Bike,Perfect! The product is exactly what I was looking for and works perfectly.
User_33,Bluetooth Speaker,Never again. The product did not meet my expectations and I would not buy it again.
User_34,Stanley Quencher,Satisfied. The product is exactly as described and works perfectly.
User_34,Insulated Water Bottle,Not impressed. The product did not meet my expectations and I would not buy it again.
User_34,Apple AirPods,Terrible experience. The product broke after a week of use. I would not recommend this to anyone.
User_34,Food Kitchen Scale,Waste of money. The product did not work as described and I would not recommend it.
User_34,Protein Shake,Disappointed. The product did not meet my expectations and I would not buy it again.
User_34,Medium Roast Coffee,I was not satisfied with this product. It did not meet my expectations and I would not buy it again.
User_34,Black Raspberry Sparkling Water,This product is amazing! It exceeded all my expectations and I would highly recommend it to anyone looking for quality.
User_34,Crew T-Shirts,Perfect! The product is exactly what I was looking for and works perfectly.
User_34,iPhone 14,Not worth it. The product is overpriced for what it offers.
User_34,Samsung Galaxy S23,Five stars! The product is of excellent quality and works perfectly.
User_34,Poker Cards,Pretty decent. The product works as described but nothing special.
User_34,LG TV,Perfect! The product is exactly what I was looking for and works perfectly.
User_34,Low Socks,Not impressed. The product did not meet my expectations and I would not buy it again.
User_34,Baby Balance Bike,Amazing value for money. The product is of high quality and very affordable.
User_34,Bluetooth Speaker,Perfect! The product is exactly what I was looking for and works perfectly.
User_35,Stanley Quencher,Exceeded my expectations. The product is of excellent quality and works perfectly.
User_35,Insulated Water Bottle,Subpar. The product did not work as well as I hoped.
User_35,Apple AirPods,Excellent quality and great value for money. I am very happy with my purchase and will definitely buy again.
User_35,Food Kitchen Scale,This product is amazing! It exceeded all my expectations and I would highly recommend it to anyone looking for quality.
User_35,Protein Shake,Perfect! The product is exactly what I was looking for and works perfectly.
User_35,Medium Roast Coffee,Highly recommend! The product is of great quality and works as described.
User_35,Black Raspberry Sparkling Water,Regret buying this. The product did not meet my expectations and I would not buy it again.
User_35,Crew T-Shirts,The product is just okay. It works as described but nothing special. I might look for alternatives next time.
User_35,iPhone 14,Not worth the price. The product is overpriced for what it offers.
User_35,Samsung Galaxy S23,Unhappy. The product did not meet my expectations and I would not buy it again.
User_35,Poker Cards,Exceeded my expectations. The product is of excellent quality and works perfectly.
User_35,LG TV,Exceeded my expectations. The product is of excellent quality and works perfectly.
User_35,Low Socks,Good for the price. The product is affordable and works as described.
User_35,Baby Balance Bike,Terrible experience. The product broke after a week of use. I would not recommend this to anyone.
User_35,Bluetooth Speaker,Top-notch! The product is of high quality and works perfectly.
User_36,Stanley Quencher,Superb! The product is of excellent quality and works perfectly.
User_36,Insulated Water Bottle,Very happy with this purchase. The product is exactly as described and works perfectly.
User_36,Apple AirPods,Just okay. The product does what it is supposed to do but nothing more.
User_36,Food Kitchen Scale,Could be better. The product has some flaws and does not work as well as I hoped.
User_36,Protein Shake,Hate it. The product did not work as described and I would not recommend it.
User_36,Medium Roast Coffee,Good for the price. The product is affordable and works as described.
User_36,Black Raspberry Sparkling Water,Superb! The product is of excellent quality and works perfectly.
User_36,Crew T-Shirts,Great deal. The product is of high quality and very affordable.
User_36,iPhone 14,Not great. The product has some flaws and does not work as well as I hoped.
User_36,Samsung Galaxy S23,Top-notch! The product is of high quality and works perfectly.
User_36,Poker Cards,Never again. The product did not meet my expectations and I would not buy it again.
User_36,LG TV,Not impressed. The product did not meet my expectations and I would not buy it again.
User_36,Low Socks,Five stars! The product is of excellent quality and works perfectly.
User_36,Baby Balance Bike,Regret buying this. The product did not meet my expectations and I would not buy it again.
User_36,Bluetooth Speaker,It's alright. The product works as described but nothing special.
User_37,Stanley Quencher,The product is just okay. It works as described but nothing special. I might look for alternatives next time.
User_37,Insulated Water Bottle,Not worth the price. The product is overpriced for what it offers.
User_37,Apple AirPods,Pretty decent. The product works as described but nothing special.
User_37,Food Kitchen Scale,Just okay. The product does what it is supposed to do but nothing more.
User_37,Protein Shake,Highly recommend! The product is of great quality and works as described.
User_37,Medium Roast Coffee,Very satisfied with this purchase. The product is exactly as described and works perfectly.
User_37,Black Raspberry Sparkling Water,Regret buying this. The product did not meet my expectations and I would not buy it again.
User_37,Crew T-Shirts,Bad quality. The product did not last long and broke after a few uses.
User_37,iPhone 14,Exceeded my expectations. The product is of excellent quality and works perfectly.
User_37,Samsung Galaxy S23,Terrible experience. The product broke after a week of use. I would not recommend this to anyone.
User_37,Poker Cards,Hate it. The product did not work as described and I would not recommend it.
User_37,LG TV,Disappointed. The product did not meet my expectations and I would not buy it again.
User_37,Low Socks,Excellent quality and great value for money. I am very happy with my purchase and will definitely buy again.
User_37,Baby Balance Bike,One star. The product did not work as described and I would not recommend it.
User_37,Bluetooth Speaker,Regret buying this. The product did not meet my expectations and I would not buy it again.
User_38,Stanley Quencher,One star. The product did not work as described and I would not recommend it.
User_38,Insulated Water Bottle,I was not satisfied with this product. It did not meet my expectations and I would not buy it again.
User_38,Apple AirPods,Top-notch! The product is of high quality and works perfectly.
User_38,Food Kitchen Scale,Not worth the price. The product is overpriced for what it offers.
User_38,Protein Shake,Could be better. The product has some flaws and does not work as well as I hoped.
User_38,Medium Roast Coffee,Not worth the price. The product is overpriced for what it offers.
User_38,Black Raspberry Sparkling Water,Terrible experience. The product broke after a week of use. I would not recommend this to anyone.
User_38,Crew T-Shirts,Very happy with this purchase. The product is exactly as described and works perfectly.
User_38,iPhone 14,Not worth it. The product is overpriced for what it offers.
User_38,Samsung Galaxy S23,Never again. The product did not meet my expectations and I would not buy it again.
User_38,Poker Cards,Could be better. The product has some flaws and does not work as well as I hoped.
User_38,LG TV,Not worth it. The product is overpriced for what it offers.
User_38,Low Socks,Very satisfied with this purchase. The product is exactly as described and works perfectly.
User_38,Baby Balance Bike,Will buy again. The product is of great quality and works as described.
User_38,Bluetooth Speaker,The product is just okay. It works as described but nothing special. I might look for alternatives next time.
User_39,Stanley Quencher,I was not satisfied with this product. It did not meet my expectations and I would not buy it again.
User_39,Insulated Water Bottle,Great deal. The product is of high quality and very affordable.
User_39,Apple AirPods,Exceeded my expectations. The product is of excellent quality and works perfectly.
User_39,Food Kitchen Scale,I was not satisfied with this product. It did not meet my expectations and I would not buy it again.
User_39,Protein Shake,This product is amazing! It exceeded all my expectations and I would highly recommend it to anyone looking for quality.
User_39,Medium Roast Coffee,Just okay. The product does what it is supposed to do but nothing more.
User_39,Black Raspberry Sparkling Water,Bad quality. The product did not last long and broke after a few uses.
User_39,Crew T-Shirts,One star. The product did not work as described and I would not recommend it.
User_39,iPhone 14,It's alright. The product works as described but nothing special.
User_39,Samsung Galaxy S23,Not worth the price. The product is overpriced for what it offers.
User_39,Poker Cards,Terrible experience. The product broke after a week of use. I would not recommend this to anyone.
User_39,LG TV,Not worth the price. The product is overpriced for what it offers.
User_39,Low Socks,Not worth the price. The product is overpriced for what it offers.
User_39,Baby Balance Bike,Not worth it. The product is overpriced for what it offers.
User_39,Bluetooth Speaker,Just okay. The product does what it is supposed to do but nothing more.
User_40,Stanley Quencher,Just okay. The product does what it is supposed to do but nothing more.
User_40,Insulated Water Bottle,Exceeded my expectations. The product is of excellent quality and works perfectly.
User_40,Apple AirPods,Superb! The product is of excellent quality and works perfectly.
User_40,Food Kitchen Scale,Excellent quality and great value for money. I am very happy with my purchase and will definitely buy again.
User_40,Protein Shake,Subpar. The product did not work as well as I hoped.
User_40,Medium Roast Coffee,Fantastic! The product is of high quality and works perfectly.
User_40,Black Raspberry Sparkling Water,Just okay. The product does what it is supposed to do but nothing more.
User_40,Crew T-Shirts,Not impressed. The product did not meet my expectations and I would not buy it again.
User_40,iPhone 14,Not great. The product has some flaws and does not work as well as I hoped.
User_40,Samsung Galaxy S23,Very satisfied with this purchase. The product is exactly as described and works perfectly.
User_40,Poker Cards,Not worth the price. The product is overpriced for what it offers.
User_40,LG TV,Will buy again. The product is of great quality and works as described.
User_40,Low Socks,Awful. The product did not work as described and I would not recommend it.
User_40,Baby Balance Bike,Not impressed. The product did not meet my expectations and I would not buy it again.
User_40,Bluetooth Speaker,I was not satisfied with this product. It did not meet my expectations and I would not buy it again.
